season,olympic_year,country_code,country_name,imf_country_code,imf_country_name,spending_sector_code,spending_sector_name,cycle_start_year,cycle_end_year,cycle_years_available,cycle_data_complete,has_cycle_spending_data,pt_gdp_prev_cycle_mean,pt_gdp_prev_cycle_std,pt_gdp_prev_cycle_cv,pt_gdp_prev_cycle_min,pt_gdp_prev_cycle_max,pt_gdp_prev_cycle_change,pt_gdp_previous_year,pt_gdp_olympic_year,gold_medals,silver_medals,bronze_medals,total_medals
Summer,1992,SUI,Switzerland,CHE,Switzerland,IMF_SEC_GG,Sector: General government,1988,1991,2,False,True,0.3503759220571735,0.003499351802963513,0.009987420889020156,0.34687657025421,0.353875273860137,0.006998703605927026,0.353875273860137,0.367388325166678,1,0,0,1
Winter,1992,SUI,Switzerland,CHE,Switzerland,IMF_SEC_GG,Sector: General government,1988,1991,2,False,True,0.3503759220571735,0.003499351802963513,0.009987420889020156,0.34687657025421,0.353875273860137,0.006998703605927026,0.353875273860137,0.367388325166678,1,0,2,3
Winter,1994,SUI,Switzerland,CHE,Switzerland,IMF_SEC_GG,Sector: General government,1990,1993,4,True,True,0.35083869625588426,0.011650336421892638,0.03320710214187851,0.335214615742512,0.367388325166678,-0.011661954511697992,0.335214615742512,0.34528060737853,3,4,2,9
Summer,1996,FRA,France,FRA,France,IMF_SEC_GG,Sector: General government,1992,1995,1,False,True,0.33325863743184,0.0,0.0,0.33325863743184,0.33325863743184,0.0,0.33325863743184,0.321257624178888,15,6,15,36
Summer,1996,HUN,Hungary,HUN,Hungary,IMF_SEC_GG,Sector: General government,1992,1995,1,False,True,0.387116627065199,0.0,0.0,0.387116627065199,0.387116627065199,0.0,0.387116627065199,0.231147047037855,7,4,9,20
Summer,1996,NED,Netherlands,NLD,Netherlands,IMF_SEC_GG,Sector: General government,1992,1995,1,False,True,0.474894324633512,0.0,0.0,0.474894324633512,0.474894324633512,0.0,0.474894324633512,0.466594124047878,4,5,10,19
Summer,1996,ESP,Spain,ESP,Spain,IMF_SEC_GG,Sector: General government,1992,1995,1,False,True,0.287153397794248,0.0,0.0,0.287153397794248,0.287153397794248,0.0,0.287153397794248,0.283732610842335,5,5,6,16
Summer,1996,BUL,Bulgaria,BGR,Bulgaria,IMF_SEC_GG,Sector: General government,1992,1995,1,False,True,0.0392732643137722,0.0,0.0,0.0392732643137722,0.0392732643137722,0.0,0.0392732643137722,0.0363031339114706,3,7,5,15
Summer,1996,GBR,United Kingdom,GBR,United Kingdom,IMF_SEC_GG,Sector: General government,1992,1995,1,False,True,0.227388785518492,0.0,0.0,0.227388785518492,0.227388785518492,0.0,0.227388785518492,0.22362809384248,1,8,6,15
Summer,1996,CZE,Czech Republic,CZE,Czechia,IMF_SEC_GG,Sector: General government,1992,1995,1,False,True,0.40588682071497,0.0,0.0,0.40588682071497,0.40588682071497,0.0,0.40588682071497,0.466978456509881,4,3,4,11
Summer,1996,NOR,Norway,NOR,Norway,IMF_SEC_GG,Sector: General government,1992,1995,1,False,True,0.276803244391516,0.0,0.0,0.276803244391516,0.276803244391516,0.0,0.276803244391516,0.26994148897336,2,2,3,7
Summer,1996,SUI,Switzerland,CHE,Switzerland,IMF_SEC_GG,Sector: General government,1992,1995,4,True,True,0.3487376044029963,0.011677572430163811,0.03348526881738103,0.335214615742512,0.367388325166678,-0.020321455842413017,0.347066869324265,0.365616732980804,4,3,0,7
Summer,1996,DEN,Denmark,DNK,Denmark,IMF_SEC_GG,Sector: General government,1992,1995,1,False,True,0.465818716951398,0.0,0.0,0.465818716951398,0.465818716951398,0.0,0.465818716951398,0.478408163753384,4,1,1,6
Summer,1996,IRL,Ireland,IRL,Ireland,IMF_SEC_GG,Sector: General government,1992,1995,1,False,True,0.0608690049180049,0.0,0.0,0.0608690049180049,0.0608690049180049,0.0,0.0608690049180049,0.0683809162748722,3,0,1,4
Summer,1996,AUT,Austria,AUT,Austria,IMF_SEC_GG,Sector: General government,1992,1995,1,False,True,0.366104554985922,0.0,0.0,0.366104554985922,0.366104554985922,0.0,0.366104554985922,0.357355725404951,0,1,2,3
Summer,1996,CRO,Croatia,HRV,Croatia,IMF_SEC_GG,Sector: General government,1992,1995,1,False,True,0.271492109412725,0.0,0.0,0.271492109412725,0.271492109412725,0.0,0.271492109412725,0.256512897334073,1,1,0,2
Summer,1996,POR,Portugal,PRT,Portugal,IMF_SEC_GG,Sector: General government,1992,1995,1,False,True,0.395576253024309,0.0,0.0,0.395576253024309,0.395576253024309,0.0,0.395576253024309,0.444689862175098,1,0,1,2
Summer,1996,SLO,Slovenia,SVN,Slovenia,IMF_SEC_GG,Sector: General government,1992,1995,1,False,True,0.16270355686345,0.0,0.0,0.16270355686345,0.16270355686345,0.0,0.16270355686345,0.153504250950382,0,2,0,2
Winter,1998,NOR,Norway,NOR,Norway,IMF_SEC_GG,Sector: General government,1994,1997,3,False,True,0.266535135302559,0.010066913485296102,0.03776955512401239,0.252860672542801,0.276803244391516,-0.02394257184871501,0.252860672542801,0.261927002456855,10,9,5,24
Winter,1998,AUT,Austria,AUT,Austria,IMF_SEC_GG,Sector: General government,1994,1997,3,False,True,0.371326021173855,0.014032778295004903,0.037790990921249636,0.357355725404951,0.390517783130692,0.02441322814477004,0.390517783130692,0.353746894522238,3,3,9,15
Winter,1998,NED,Netherlands,NLD,Netherlands,IMF_SEC_GG,Sector: General government,1994,1997,3,False,True,0.46457853134123495,0.009354879045404045,0.02013627065029582,0.452247145342315,0.474894324633512,-0.022647179291196973,0.452247145342315,0.459808011767839,4,4,2,10
Winter,1998,FRA,France,FRA,France,IMF_SEC_GG,Sector: General government,1994,1997,3,False,True,0.3307462847127623,0.006952588621967945,0.02102091223188174,0.321257624178888,0.337722592527559,0.004463955095719008,0.337722592527559,0.361196423393515,2,1,5,8
Winter,1998,SUI,Switzerland,CHE,Switzerland,IMF_SEC_GG,Sector: General government,1994,1997,4,True,True,0.34851221627053103,0.01071845470375001,0.030754889508463768,0.336084655398525,0.365616732980804,-0.009195951980005002,0.336084655398525,0.338119103130015,2,2,3,7
Winter,1998,CZE,Czech Republic,CZE,Czechia,IMF_SEC_GG,Sector: General government,1994,1997,3,False,True,0.408134927388003,0.047154557027198236,0.11553668618606036,0.351539504939158,0.466978456509881,-0.05434731577581203,0.351539504939158,0.383930168695052,1,1,1,3
Winter,1998,BUL,Bulgaria,BGR,Bulgaria,IMF_SEC_GG,Sector: General government,1994,1997,3,False,True,0.047834274927990396,0.014258946583720568,0.2980905763740739,0.0363031339114706,0.0679264265587284,0.028653162244956197,0.0679264265587284,0.0867610243038956,1,0,0,1
Winter,1998,DEN,Denmark,DNK,Denmark,IMF_SEC_GG,Sector: General government,1994,1997,3,False,True,0.46853605261227466,0.007211872240706657,0.015392352841361095,0.461381277132042,0.478408163753384,-0.0044374398193559594,0.461381277132042,0.43915971576537,0,1,0,1
Winter,1998,GBR,United Kingdom,GBR,United Kingdom,IMF_SEC_GG,Sector: General government,1994,1997,3,False,True,0.21634798358415266,0.01304549904881777,0.06029868562996555,0.198027071391486,0.227388785518492,-0.029361714127006,0.198027071391486,0.213119466079653,0,0,1,1
Summer,2000,FRA,France,FRA,France,IMF_SEC_GG,Sector: General government,1996,1999,4,True,True,0.347442512914607,0.019104695853538634,0.05498663848955671,0.321257624178888,0.369593411558466,0.048335787379578,0.369593411558466,0.386991616985158,13,14,11,38
Summer,2000,GBR,United Kingdom,GBR,United Kingdom,IMF_SEC_GG,Sector: General government,1996,1999,4,True,True,0.21692525760142126,0.012967170410411758,0.05977713500858279,0.198027071391486,0.232926399092066,0.009298305249585997,0.232926399092066,0.318418681047139,11,10,7,28
Summer,2000,NED,Netherlands,NLD,Netherlands,IMF_SEC_GG,Sector: General government,1996,1999,4,True,True,0.46100265390971873,0.005664555029921975,0.012287467288705249,0.452247145342315,0.466594124047878,-0.0012327895670349864,0.465361334480843,0.478089941084983,11,9,4,24
Summer,2000,HUN,Hungary,HUN,Hungary,IMF_SEC_GG,Sector: General government,1996,1999,4,True,True,0.24707280549691452,0.01585794100013195,0.06418327168074346,0.231147047037855,0.269679531295277,0.0021237817090300204,0.233270828746885,0.349803498215108,8,6,3,17
Summer,2000,BUL,Bulgaria,BGR,Bulgaria,IMF_SEC_GG,Sector: General government,1996,1999,4,True,True,0.0726678472434325,0.023838996041152517,0.328054248824703,0.0363031339114706,0.0996808041996354,0.0633776702881648,0.0996808041996354,0.181565219122713,5,6,2,13
Summer,2000,ESP,Spain,ESP,Spain,IMF_SEC_GG,Sector: General government,1996,1999,4,True,True,0.29802289187222025,0.01338131558050048,0.044900294391606095,0.283732610842335,0.316711699607747,0.032979088765412,0.316711699607747,0.306397613031392,3,3,5,11
Summer,2000,NOR,Norway,NOR,Norway,IMF_SEC_GG,Sector: General government,1996,1999,4,True,True,0.2584817325881198,0.00807750341185365,0.031249803732648393,0.249197766379463,0.26994148897336,-0.020743722593897007,0.249197766379463,0.227813074005455,4,3,3,10
Summer,2000,SUI,Switzerland,CHE,Switzerland,IMF_SEC_GG,Sector: General government,1996,1999,4,True,True,0.3413795930756745,0.014765011095296767,0.04325100678183704,0.325697880793354,0.365616732980804,-0.039918852187450005,0.325697880793354,0.315642002859677,1,6,2,9
Summer,2000,CZE,Czech Republic,CZE,Czechia,IMF_SEC_GG,Sector: General government,1996,1999,4,True,True,0.37253758192901654,0.06458875966663861,0.17337515139330395,0.287702197571975,0.466978456509881,-0.179276258937906,0.287702197571975,0.296870442138601,2,3,3,8
Summer,2000,DEN,Denmark,DNK,Denmark,IMF_SEC_GG,Sector: General government,1996,1999,4,True,True,0.4532603918718483,0.017780605808313674,0.03922823641149046,0.434092410836597,0.478408163753384,-0.04431575291678702,0.434092410836597,0.469463032331485,2,3,1,6
Summer,2000,AUT,Austria,AUT,Austria,IMF_SEC_GG,Sector: General government,1996,1999,4,True,True,0.3600136326991322,0.018990225817858235,0.05274862975460876,0.338434127738648,0.390517783130692,-0.01892159766630297,0.338434127738648,0.307298844978428,2,1,0,3
Summer,2000,EST,Estonia,EST,Estonia,IMF_SEC_GG,Sector: General government,1996,1999,4,True,True,0.3503755533662638,0.020602003927356893,0.058799775639085936,0.323372201403816,0.380995359624479,0.057623158220662996,0.380995359624479,0.343506750231705,1,0,2,3
Summer,2000,CRO,Croatia,HRV,Croatia,IMF_SEC_GG,Sector: General government,1996,1999,4,True,True,0.2590936849887078,0.014023104959962673,0.05412368487705075,0.23736606147253,0.273736903979944,0.017224006645870982,0.273736903979944,0.249457383754904,1,0,1,2
Summer,2000,POR,Portugal,PRT,Portugal,IMF_SEC_GG,Sector: General government,1996,1999,4,True,True,0.4701039891276607,0.02677541976314044,0.056956376423917876,0.444689862175098,0.513434829975427,0.06874496780032902,0.513434829975427,0.471691280969049,0,0,2,2
Summer,2000,SLO,Slovenia,SVN,Slovenia,IMF_SEC_GG,Sector: General government,1996,1999,4,True,True,0.17440698268753277,0.024692392354996012,0.14157914995430462,0.153504250950382,0.21621747699628,0.06271322604589799,0.21621747699628,0.221669985425931,2,0,0,2
Summer,2000,IRL,Ireland,IRL,Ireland,IMF_SEC_GG,Sector: General government,1996,1999,4,True,True,0.07948300572169678,0.014764696721761327,0.18575916433581663,0.0624610951008646,0.0991798773587956,0.03079896108392341,0.0991798773587956,0.125389876124465,0,1,0,1
Winter,2002,GER,Germany,DEU,Germany,IMF_SEC_GG,Sector: General government,1998,2001,2,False,True,0.333083367731855,0.0037779152898479995,0.011342251387614669,0.329305452442007,0.336861283021703,-0.007555830579695999,0.329305452442007,0.324328943580887,12,14,8,34
Winter,2002,NOR,Norway,NOR,Norway,IMF_SEC_GG,Sector: General government,1998,2001,4,True,True,0.23940319625737627,0.017082497623140153,0.07135450942256925,0.218674942187732,0.261927002456855,-0.04325206026912301,0.218674942187732,0.255922564723859,12,5,7,24
Winter,2002,AUT,Austria,AUT,Austria,IMF_SEC_GG,Sector: General government,1998,2001,4,True,True,0.32436152105537897,0.022635069166401938,0.06978345980359799,0.297966216982202,0.353746894522238,-0.05578067754003602,0.297966216982202,0.303124392187718,3,4,9,16
Winter,2002,ITA,Italy,ITA,Italy,IMF_SEC_GG,Sector: General government,1998,2001,1,False,True,0.273646420703289,0.0,0.0,0.273646420703289,0.273646420703289,0.0,0.273646420703289,0.270080456089979,4,4,5,13
Winter,2002,SUI,Switzerland,CHE,Switzerland,IMF_SEC_GG,Sector: General government,1998,2001,4,True,True,0.32511934627850547,0.008306115107708255,0.02554789557368581,0.315642002859677,0.338119103130015,-0.017100704799038968,0.321018398330976,0.3384765675529,3,2,6,11
Winter,2002,FRA,France,FRA,France,IMF_SEC_GG,Sector: General government,1998,2001,4,True,True,0.386924884502943,0.02650826993643983,0.06851011914235824,0.361196423393515,0.429918086074633,0.06872166268111801,0.429918086074633,0.474547322161265,4,4,2,10
Winter,2002,NED,Netherlands,NLD,Netherlands,IMF_SEC_GG,Sector: General government,1998,2001,4,True,True,0.47496372996633696,0.014138725169963945,0.029768010224624997,0.459808011767839,0.496595632531683,0.03678762076384401,0.496595632531683,0.547754406479665,3,5,0,8
Winter,2002,FIN,Finland,FIN,Finland,IMF_SEC_GG,Sector: General government,1998,2001,1,False,True,0.40102884641978,0.0,0.0,0.40102884641978,0.40102884641978,0.0,0.40102884641978,0.417547782282505,4,2,1,7
Winter,2002,SWE,Sweden,SWE,Sweden,IMF_SEC_GG,Sector: General government,1998,2001,1,False,True,0.516288931766581,0.0,0.0,0.516288931766581,0.516288931766581,0.0,0.516288931766581,0.499070268924858,0,2,5,7
Winter,2002,CRO,Croatia,HRV,Croatia,IMF_SEC_GG,Sector: General government,1998,2001,4,True,True,0.266126155303453,0.009797795132138881,0.036816355464823994,0.249457383754904,0.273736903979944,0.003792579142396002,0.27255145631068,0.317358117181426,3,1,0,4
Winter,2002,BUL,Bulgaria,BGR,Bulgaria,IMF_SEC_GG,Sector: General government,1998,2001,4,True,True,0.11225320020161211,0.040584711054488756,0.3615461383871166,0.0810057531802044,0.181565219122713,-0.0057552711236911885,0.0810057531802044,0.082430471689097,0,1,2,3
Winter,2002,CZE,Czech Republic,CZE,Czechia,IMF_SEC_GG,Sector: General government,1998,2001,4,True,True,0.3287429470652785,0.03892313373485755,0.11839990510010419,0.287702197571975,0.383930168695052,-0.03746118883956595,0.346468979855486,0.364175404682477,1,2,0,3
Winter,2002,EST,Estonia,EST,Estonia,IMF_SEC_GG,Sector: General government,1998,2001,4,True,True,0.36355815965702576,0.01932175275046459,0.05314624974637452,0.343506750231705,0.384661583604551,0.03959263843718297,0.384661583604551,0.428124317077815,1,1,1,3
Winter,2002,AUS,Australia,AUS,Australia,IMF_SEC_GG,Sector: General government,1998,2001,1,False,True,0.409539011707965,0.0,0.0,0.409539011707965,0.409539011707965,0.0,0.409539011707965,0.361403257488951,2,0,0,2
Winter,2002,GBR,United Kingdom,GBR,United Kingdom,IMF_SEC_GG,Sector: General government,1998,2001,4,True,True,0.258516573675996,0.04008396805894744,0.15505376498291937,0.213119466079653,0.318418681047139,0.05648228240547301,0.269601748485126,0.283774494539796,1,0,1,2
Winter,2002,POL,Poland,POL,Poland,IMF_SEC_GG,Sector: General government,1998,2001,1,False,True,0.256561352221605,0.0,0.0,0.256561352221605,0.256561352221605,0.0,0.256561352221605,0.278621185872342,0,1,1,2
Winter,2002,SLO,Slovenia,SVN,Slovenia,IMF_SEC_GG,Sector: General government,1998,2001,4,True,True,0.205105827547411,0.0215033780875515,0.10484040529068299,0.168151200052318,0.221669985425931,0.046233447662796995,0.214384647715115,0.251626376081744,0,0,1,1
Summer,2004,GER,Germany,DEU,Germany,IMF_SEC_GG,Sector: General government,2000,2003,4,True,True,0.32614463325314547,0.008270740727354335,0.025359119495106913,0.314082853967985,0.336861283021703,-0.022778429053717963,0.314082853967985,0.294848759725081,13,16,20,49
Summer,2004,AUS,Australia,AUS,Australia,IMF_SEC_GG,Sector: General government,2000,2003,3,False,True,0.345008112345537,0.06050361541858177,0.17536867468781545,0.264082067839695,0.409539011707965,-0.14545694386826996,0.264082067839695,0.37859511573155,17,15,15,47
Summer,2004,FRA,France,FRA,France,IMF_SEC_GG,Sector: General government,2000,2003,4,True,True,0.450496156400072,0.04647180958741138,0.1031569502363105,0.386991616985158,0.510527600379232,0.12353598339407396,0.510527600379232,0.510381633068645,11,9,13,33
Summer,2004,ITA,Italy,ITA,Italy,IMF_SEC_GG,Sector: General government,2000,2003,3,False,True,0.268351924631761,0.0051750177241900825,0.019284444228568016,0.261328897102015,0.273646420703289,-0.012317523601273972,0.261328897102015,0.30445525701664,10,10,11,31
Summer,2004,GBR,United Kingdom,GBR,United Kingdom,IMF_SEC_GG,Sector: General government,2000,2003,4,True,True,0.2911010101426355,0.01777938139477866,0.0610763301235781,0.269601748485126,0.318418681047139,-0.025809564548658015,0.292609116498481,0.283600110990393,9,9,12,30
Summer,2004,NED,Netherlands,NLD,Netherlands,IMF_SEC_GG,Sector: General government,2000,2003,4,True,True,0.5262779812177998,0.04136618487082957,0.07860139763991038,0.478089941084983,0.582671944774868,0.10458200368988496,0.582671944774868,0.545451797326965,4,8,9,21
Summer,2004,ESP,Spain,ESP,Spain,IMF_SEC_GG,Sector: General government,2000,2003,4,True,True,0.28848938991386025,0.020232397305062252,0.07013220594041057,0.26191417032695,0.309747639810238,0.0033500267788459936,0.309747639810238,0.346040489297063,3,10,5,18
Summer,2004,ROU,Romania,ROU,Romania,IMF_SEC_GG,Sector: General government,2000,2003,3,False,True,0.21450019149531332,0.021032847406381845,0.09805514512485364,0.189536882599577,0.240988841044282,0.051451958444705015,0.240988841044282,0.195840994440682,8,4,6,18
Summer,2004,HUN,Hungary,HUN,Hungary,IMF_SEC_GG,Sector: General government,2000,2003,4,True,True,0.3935379487184715,0.0813179238757979,0.2066329921691262,0.319743673958159,0.530358769105566,-0.030059824256948975,0.319743673958159,0.351500692229268,8,6,3,17
Summer,2004,GRE,Greece,GRC,Greece,IMF_SEC_GG,Sector: General government,2000,2003,3,False,True,0.18795416917519867,0.013845701828726053,0.07366530835408067,0.17048163577409,0.20434472363526,-0.03386308786116998,0.17048163577409,0.209585382297159,6,6,4,16
Summer,2004,BUL,Bulgaria,BGR,Bulgaria,IMF_SEC_GG,Sector: General government,2000,2003,4,True,True,0.11211769278992811,0.04107017477637315,0.3663130568814435,0.0810057531802044,0.181565219122713,-0.07809589195501501,0.103469327167698,0.101511367469815,2,1,8,11
Summer,2004,POL,Poland,POL,Poland,IMF_SEC_GG,Sector: General government,2000,2003,3,False,True,0.2664932743599083,0.009138776073159093,0.03429270811846779,0.256561352221605,0.278621185872342,0.007735932764173004,0.264297284985778,0.243598832483202,3,2,5,10
Summer,2004,CZE,Czech Republic,CZE,Czechia,IMF_SEC_GG,Sector: General government,2000,2003,4,True,True,0.34361253244969925,0.028105896377530977,0.08179531804953984,0.296870442138601,0.366935303122233,0.07006486098363202,0.366935303122233,0.398733457759417,1,3,4,8
Summer,2004,DEN,Denmark,DNK,Denmark,IMF_SEC_GG,Sector: General government,2000,2003,4,True,True,0.4752938042517205,0.0072485752097147145,0.015250725224845964,0.46918012666682,0.487073673901115,-0.0002829056646649897,0.46918012666682,0.469770294778873,2,0,6,8
Summer,2004,AUT,Austria,AUT,Austria,IMF_SEC_GG,Sector: General government,2000,2003,4,True,True,0.3029720737640535,0.0033196474130522016,0.010956941911542162,0.297966216982202,0.307298844978428,-0.003800004070562024,0.303498840907866,0.286785589170628,2,4,1,7
Summer,2004,SWE,Sweden,SWE,Sweden,IMF_SEC_GG,Sector: General government,2000,2003,3,False,True,0.4956541667125647,0.018402060567781837,0.037126815032815806,0.471603299446255,0.516288931766581,-0.04468563232032596,0.471603299446255,0.458492731243005,4,2,1,7
Summer,2004,NOR,Norway,NOR,Norway,IMF_SEC_GG,Sector: General government,2000,2003,4,True,True,0.24659607294957825,0.025575681117632015,0.10371487595774284,0.218674942187732,0.283973710881267,0.05616063687581199,0.283973710881267,0.281747955817357,5,0,1,6
Summer,2004,SVK,Slovakia,SVK,Slovak Republic,IMF_SEC_GG,Sector: General government,2000,2003,3,False,True,0.15109985497423464,0.038579293107240696,0.25532316436583735,0.103266357247821,0.197743463638665,0.09447710639084399,0.197743463638665,0.187756224648243,2,2,2,6
Summer,2004,CRO,Croatia,HRV,Croatia,IMF_SEC_GG,Sector: General government,2000,2003,4,True,True,0.321925473671714,0.07695718114967341,0.23905278532928742,0.249457383754904,0.448334937439846,0.19887755368494198,0.448334937439846,0.431850332857822,1,2,2,5
Summer,2004,SUI,Switzerland,CHE,Switzerland,IMF_SEC_GG,Sector: General government,2000,2003,4,True,True,0.3312319634098385,0.013640762785558742,0.041181903597512455,0.315642002859677,0.349790884895801,0.03414888203612404,0.349790884895801,0.358558188561856,1,1,3,5
Summer,2004,LAT,Latvia,LVA,Latvia,IMF_SEC_GG,Sector: General government,2000,2003,3,False,True,0.13934324962364333,0.013005135472301874,0.09333165049206088,0.122072556084867,0.153455153842437,0.020429482858759007,0.142502038943626,0.155180950270814,0,4,0,4
Summer,2004,SLO,Slovenia,SVN,Slovenia,IMF_SEC_GG,Sector: General government,2000,2003,4,True,True,0.2333368102751415,0.015667020474657737,0.06714337294738798,0.214384647715115,0.251626376081744,0.023996246451845005,0.245666231877776,0.264203581939324,0,1,3,4
Summer,2004,BEL,Belgium,BEL,Belgium,IMF_SEC_GG,Sector: General government,2000,2003,3,False,True,0.35675657730353105,0.013592370869991738,0.038099846603324855,0.339833922863034,0.373113893620577,0.03327997075754302,0.373113893620577,0.350448083013274,1,0,2,3
Summer,2004,EST,Estonia,EST,Estonia,IMF_SEC_GG,Sector: General government,2000,2003,4,True,True,0.401402268142952,0.04074915802609109,0.10151700989287642,0.343506750231705,0.449316421657737,0.10580967142603198,0.449316421657737,0.401859392159549,0,1,2,3
Summer,2004,LTU,Lithuania,LTU,Lithuania,IMF_SEC_GG,Sector: General government,2000,2003,4,True,True,0.11292091400888327,0.027138535249750847,0.24033223152635758,0.0796620579115299,0.150562493413426,0.0454437985801011,0.125105856491631,0.157483383370747,1,2,0,3
Summer,2004,POR,Portugal,PRT,Portugal,IMF_SEC_GG,Sector: General government,2000,2003,4,True,True,0.4993289655397262,0.021494826123390216,0.04304742485779168,0.471691280969049,0.525664794020311,0.05397351305126197,0.525664794020311,0.387129848326813,0,2,1,3
Summer,2004,FIN,Finland,FIN,Finland,IMF_SEC_GG,Sector: General government,2000,2003,3,False,True,0.423985627206644,0.02185180123813862,0.05153901414561016,0.40102884641978,0.453380252917647,0.052351406497867015,0.453380252917647,0.4484813363736,0,2,0,2
Summer,2004,HKG,Hong Kong,HKG,"Hong Kong SAR, China",IMF_SEC_GG,Sector: General government,2000,2003,1,False,True,0.0,0.0,,0.0,0.0,0.0,0.0,0.0,0,1,0,1
Winter,2006,GER,Germany,DEU,Germany,IMF_SEC_GG,Sector: General government,2002,2005,4,True,True,0.30547589882848725,0.014368352907146192,0.047035962451536836,0.288643038039996,0.324328943580887,-0.03568590554089096,0.288643038039996,0.283326051653216,10,12,6,28
Winter,2006,AUT,Austria,AUT,Austria,IMF_SEC_GG,Sector: General government,2002,2005,4,True,True,0.29615059186980996,0.00732984041286957,0.02475038245438261,0.286785589170628,0.303498840907866,-0.01193084697468999,0.291193545213028,0.296003650152861,9,6,6,21
Winter,2006,NOR,Norway,NOR,Norway,IMF_SEC_GG,Sector: General government,2002,2005,4,True,True,0.26841686946261073,0.01453092998942211,0.054135680885162116,0.25202324642796,0.283973710881267,-0.0038993182958990125,0.25202324642796,0.243789305631964,2,8,9,19
Winter,2006,SUI,Switzerland,CHE,Switzerland,IMF_SEC_GG,Sector: General government,2002,2005,4,True,True,0.34842596291677225,0.00717479988740888,0.020592035758031927,0.3384765675529,0.358558188561856,0.008401643103632006,0.346878210656532,0.337375691117271,4,4,5,13
Winter,2006,SWE,Sweden,SWE,Sweden,IMF_SEC_GG,Sector: General government,2002,2005,4,True,True,0.4820122494456852,0.017586230730616756,0.03648502864987549,0.458492731243005,0.499070268924858,-0.0001875707562349893,0.498882698168623,0.566926082769797,6,2,5,13
Winter,2006,ITA,Italy,ITA,Italy,IMF_SEC_GG,Sector: General government,2002,2005,4,True,True,0.275307151289378,0.01711131466554528,0.06215354227235243,0.261328897102015,0.30445525701664,-0.004716461141100969,0.265363994948878,0.240597898278311,5,0,6,11
Winter,2006,FIN,Finland,FIN,Finland,IMF_SEC_GG,Sector: General government,2002,2005,4,True,True,0.4347482970367523,0.016290835805091636,0.0374718795131116,0.417547782282505,0.453380252917647,0.002036034290751998,0.419583816573257,0.40833559865122,0,6,3,9
Winter,2006,FRA,France,FRA,France,IMF_SEC_GG,Sector: General government,2002,2005,4,True,True,0.5066572393238822,0.020377013822656328,0.04021853876962026,0.474547322161265,0.531172401686387,0.056625079525122024,0.531172401686387,0.542055275786448,3,2,4,9
Winter,2006,NED,Netherlands,NLD,Netherlands,IMF_SEC_GG,Sector: General government,2002,2005,4,True,True,0.5552053621753718,0.015893173419387747,0.0286257563455729,0.544943300119989,0.582671944774868,-0.0028111063596759633,0.544943300119989,0.555987039514427,3,2,4,9
Winter,2006,CZE,Czech Republic,CZE,Czechia,IMF_SEC_GG,Sector: General government,2002,2005,4,True,True,0.37842445077034326,0.013937069829318537,0.036829200124218746,0.364175404682477,0.398733457759417,0.019678232834768994,0.383853637517246,0.469938123397423,1,2,1,4
Winter,2006,CRO,Croatia,HRV,Croatia,IMF_SEC_GG,Sector: General government,2002,2005,4,True,True,0.41999456174363725,0.06200154582553107,0.14762463963373063,0.317358117181426,0.482434859495455,0.16507674231402902,0.482434859495455,0.489684066629538,1,2,0,3
Winter,2006,EST,Estonia,EST,Estonia,IMF_SEC_GG,Sector: General government,2002,2005,4,True,True,0.44873133436892826,0.04212113660243578,0.09386716143117728,0.401859392159549,0.515625206580612,0.08750088950279694,0.515625206580612,0.575485072757229,3,0,0,3
Winter,2006,AUS,Australia,AUS,Australia,IMF_SEC_GG,Sector: General government,2002,2005,4,True,True,0.34500321925328004,0.04717580406016459,0.136740185098189,0.264082067839695,0.37859511573155,0.014529178463973003,0.375932435952924,0.367149237744289,1,0,1,2
Winter,2006,POL,Poland,POL,Poland,IMF_SEC_GG,Sector: General government,2002,2005,4,True,True,0.26866144115455753,0.01677305577232751,0.06243194296973261,0.243598832483202,0.288128461276908,0.009507275404565974,0.288128461276908,0.322694845129851,0,1,1,2
Winter,2006,BUL,Bulgaria,BGR,Bulgaria,IMF_SEC_GG,Sector: General government,2002,2005,4,True,True,0.0904730891576055,0.01236092952823014,0.13662548326052193,0.074481190303812,0.103469327167698,-0.007949281385285,0.074481190303812,0.0984863650937326,0,1,0,1
Winter,2006,GBR,United Kingdom,GBR,United Kingdom,IMF_SEC_GG,Sector: General government,2002,2005,4,True,True,0.28586282656929146,0.00389649284743409,0.013630638492583447,0.283467584248496,0.292609116498481,-0.0003069102912999777,0.283467584248496,0.286473582883051,0,1,0,1
Winter,2006,JPN,Japan,JPN,Japan,IMF_SEC_GG,Sector: General government,2002,2005,1,False,True,0.101968843729648,0.0,0.0,0.101968843729648,0.101968843729648,0.0,0.101968843729648,0.0972961498977335,1,0,0,1
Winter,2006,LAT,Latvia,LVA,Latvia,IMF_SEC_GG,Sector: General government,2002,2005,4,True,True,0.15906158530382852,0.015804556454107558,0.09936124064096795,0.142502038943626,0.185108198158437,0.031653044315999995,0.185108198158437,0.327732948892958,0,0,1,1
Winter,2006,SVK,Slovakia,SVK,Slovak Republic,IMF_SEC_GG,Sector: General government,2002,2005,4,True,True,0.17715895760302253,0.017279685678629843,0.09753774752586958,0.152289744036218,0.197743463638665,0.018556654052746008,0.170846398088964,0.136632517999908,0,1,0,1
Summer,2008,GBR,United Kingdom,GBR,United Kingdom,IMF_SEC_GG,Sector: General government,2004,2007,4,True,True,0.291138215518345,0.01153658500653576,0.03962580105121522,0.283467584248496,0.31101158395144,0.027411472961047012,0.31101158395144,0.351656626506024,18,12,14,44
Summer,2008,AUS,Australia,AUS,Australia,IMF_SEC_GG,Sector: General government,2004,2007,4,True,True,0.36941718292498954,0.008832661470003094,0.02390972017074954,0.355991942271195,0.37859511573155,-0.02260317346035501,0.355991942271195,0.342191010098966,13,13,15,41
Summer,2008,FRA,France,FRA,France,IMF_SEC_GG,Sector: General government,2004,2007,4,True,True,0.5321212669356543,0.01355427589095802,0.02547215594109499,0.510381633068645,0.544875757201137,0.03449412413249198,0.544875757201137,0.541964886216485,7,16,18,41
Summer,2008,GER,Germany,DEU,Germany,IMF_SEC_GG,Sector: General government,2004,2007,4,True,True,0.2871546987621225,0.005117004475030376,0.01781967872052575,0.281800945630197,0.294848759725081,-0.013047814094884036,0.281800945630197,0.294901300546786,16,10,15,41
Summer,2008,ITA,Italy,ITA,Italy,IMF_SEC_GG,Sector: General government,2004,2007,4,True,True,0.2615696784991868,0.027176701471743597,0.1038985161723479,0.235861563752918,0.30445525701664,-0.068593693263722,0.235861563752918,0.223091795551305,8,9,9,26
Summer,2008,JPN,Japan,JPN,Japan,IMF_SEC_GG,Sector: General government,2004,2007,3,False,True,0.09792653481712399,0.003075650165725721,0.03140773000361385,0.0945146108239905,0.101968843729648,-0.0074542329056574985,0.0945146108239905,0.0958274333214986,9,6,10,25
Summer,2008,ESP,Spain,ESP,Spain,IMF_SEC_GG,Sector: General government,2004,2007,4,True,True,0.3825084937958383,0.03725903080606636,0.09740706784397093,0.346040489297063,0.432806248773871,0.08676575947680804,0.432806248773871,0.432791577778559,5,10,3,18
Summer,2008,NED,Netherlands,NLD,Netherlands,IMF_SEC_GG,Sector: General government,2004,2007,4,True,True,0.5485126975396007,0.004435310216313298,0.00808606662381427,0.544943300119989,0.555987039514427,0.002216855870056933,0.547668653197022,0.575094484222757,7,5,4,16
Summer,2008,HUN,Hungary,HUN,Hungary,IMF_SEC_GG,Sector: General government,2004,2007,4,True,True,0.36215670621165874,0.02071847790879821,0.05720859935336807,0.345145490048947,0.397569841507688,-0.006355202180320985,0.345145490048947,0.376995270155418,3,5,2,10
Summer,2008,POL,Poland,POL,Poland,IMF_SEC_GG,Sector: General government,2004,2007,4,True,True,0.29488919080870973,0.03303160979644624,0.11201363368341757,0.243598832483202,0.325134624344878,0.081535791861676,0.325134624344878,0.40550080944589,3,6,1,10
Summer,2008,NOR,Norway,NOR,Norway,IMF_SEC_GG,Sector: General government,2004,2007,4,True,True,0.2603174696143965,0.014254342092450394,0.054757531692226,0.243789305631964,0.281747955817357,-0.018038585237051985,0.263709370580305,0.266463472537329,3,5,1,9
Summer,2008,ROU,Romania,ROU,Romania,IMF_SEC_GG,Sector: General government,2004,2007,4,True,True,0.276597424749021,0.05758253226382017,0.2081817367463541,0.195840994440682,0.349220361900918,0.15337936746023598,0.349220361900918,0.348384486655728,4,1,3,8
Summer,2008,DEN,Denmark,DNK,Denmark,IMF_SEC_GG,Sector: General government,2004,2007,4,True,True,0.46343602277597173,0.0049241042086644905,0.010625208155311736,0.455958254066775,0.469770294778873,-0.0053795158185580005,0.464390778960315,0.484715599807926,2,2,3,7
Summer,2008,SUI,Switzerland,CHE,Switzerland,IMF_SEC_GG,Sector: General government,2004,2007,4,True,True,0.3458911770714405,0.008067615916049117,0.02332414484912643,0.337375691117271,0.358558188561856,-0.01780557061175303,0.340752617950103,0.344011502086265,2,0,5,7
Summer,2008,CZE,Czech Republic,CZE,Czechia,IMF_SEC_GG,Sector: General government,2004,2007,4,True,True,0.42327282981911274,0.03403219189954013,0.08040249574744479,0.383853637517246,0.469938123397423,0.04183264284294802,0.440566100602365,0.42765885568625,3,3,0,6
Summer,2008,GEO,Georgia,GEO,Georgia,IMF_SEC_GG,Sector: General government,2004,2007,3,False,True,0.33321139742385636,0.06439089210151173,0.19324336622136698,0.252774662269615,0.410399065869909,0.157624403600294,0.410399065869909,0.329415364218148,3,0,3,6
Summer,2008,SVK,Slovakia,SVK,Slovak Republic,IMF_SEC_GG,Sector: General government,2004,2007,4,True,True,0.15992429846493375,0.02046641421651137,0.12797563855500668,0.136632517999908,0.187756224648243,-0.04329417152562298,0.14446205312262,0.146569860257616,3,2,1,6
Summer,2008,BUL,Bulgaria,BGR,Bulgaria,IMF_SEC_GG,Sector: General government,2004,2007,4,True,True,0.09735096483593389,0.01458140211185612,0.14978179349768372,0.074481190303812,0.114924936476376,0.013413569006561002,0.114924936476376,0.159344821229478,1,1,3,5
Summer,2008,CRO,Croatia,HRV,Croatia,IMF_SEC_GG,Sector: General government,2004,2007,4,True,True,0.4860453378725665,0.03839730386792268,0.07899942839898169,0.431850332857822,0.540212092507451,0.10836175964962896,0.540212092507451,0.526089289547113,0,2,3,5
Summer,2008,LTU,Lithuania,LTU,Lithuania,IMF_SEC_GG,Sector: General government,2004,2007,4,True,True,0.15731642478378224,0.00766793682197226,0.04874212487673282,0.147716873212583,0.169051369638727,0.011567986267980002,0.169051369638727,0.183989589712186,0,2,3,5
Summer,2008,SLO,Slovenia,SVN,Slovenia,IMF_SEC_GG,Sector: General government,2004,2007,4,True,True,0.268589519715089,0.008874750645692927,0.033042058584813634,0.260554146759982,0.283577892530293,0.0018188756914330195,0.266022457630757,0.285879694028684,1,2,2,5
Summer,2008,SWE,Sweden,SWE,Sweden,IMF_SEC_GG,Sector: General government,2004,2007,4,True,True,0.5108928290009438,0.039050969010813855,0.07643671391351965,0.458492731243005,0.566926082769797,0.060777072579345004,0.51926980382235,0.568916022900514,0,4,1,5
Summer,2008,FIN,Finland,FIN,Finland,IMF_SEC_GG,Sector: General government,2004,2007,4,True,True,0.42119991420810626,0.016403080598096836,0.03894369406255959,0.40833559865122,0.4484813363736,-0.04008243113925197,0.408398905234348,0.431884281780043,1,1,2,4
Summer,2008,GRE,Greece,GRC,Greece,IMF_SEC_GG,Sector: General government,2004,2007,4,True,True,0.20583909553073548,0.008388926404798826,0.040754776847269074,0.197832018125269,0.217825230887216,-0.011471631483861017,0.198113750813298,0.202900610933326,0,2,2,4
Summer,2008,AUT,Austria,AUT,Austria,IMF_SEC_GG,Sector: General government,2004,2007,4,True,True,0.2932655726738612,0.004679272776041374,0.015955752096565266,0.286785589170628,0.299079506158928,0.012293916988299958,0.299079506158928,0.310050418383051,0,1,2,3
Summer,2008,IRL,Ireland,IRL,Ireland,IMF_SEC_GG,Sector: General government,2004,2007,4,True,True,0.19858173451661623,0.027475094303857348,0.13835660349496234,0.171460843855394,0.241598924240118,0.070138080384724,0.241598924240118,0.310350111862796,0,1,2,3
Summer,2008,LAT,Latvia,LVA,Latvia,IMF_SEC_GG,Sector: General government,2004,2007,4,True,True,0.25709602545501725,0.08834926033807301,0.3436430422512736,0.155180950270814,0.36036200449786,0.205181054227046,0.36036200449786,0.387660442622526,1,1,1,3
Summer,2008,BEL,Belgium,BEL,Belgium,IMF_SEC_GG,Sector: General government,2004,2007,4,True,True,0.3724673808703155,0.014553844936353007,0.03907414631140631,0.350448083013274,0.389050010610455,0.018710781892333994,0.369158864905608,0.376668126069676,1,1,0,2
Summer,2008,EST,Estonia,EST,Estonia,IMF_SEC_GG,Sector: General government,2004,2007,4,True,True,0.48191712900995404,0.06806247535953237,0.14123273746122963,0.401859392159549,0.575485072757229,0.032839452382877,0.434698844542426,0.461522168708917,1,1,0,2
Summer,2008,POR,Portugal,PRT,Portugal,IMF_SEC_GG,Sector: General government,2004,2007,4,True,True,0.3942858306177265,0.02171325755220365,0.05506983986258282,0.366591369895956,0.426883301261978,-0.020538478430857043,0.366591369895956,0.39603121782574,1,1,0,2
Summer,2008,ISL,Iceland,ISL,Iceland,IMF_SEC_GG,Sector: General government,2004,2007,3,False,True,1.5571893385856768,0.1674177234058054,0.10751275985350837,1.35892561490629,1.76840002567868,0.40947441077239,1.76840002567868,1.67469357264855,0,1,0,1
Winter,2010,GER,Germany,DEU,Germany,IMF_SEC_GG,Sector: General government,2006,2009,4,True,True,0.29194495098017426,0.01043759380034877,0.0357519243450029,0.281800945630197,0.307751506090498,0.024425454437282,0.307751506090498,0.308746741282692,9,13,7,29
Winter,2010,CAN,Canada,CAN,Canada,IMF_SEC_GG,Sector: General government,2006,2009,2,False,True,0.31633585025331046,0.007592735267018508,0.02400213336850223,0.308743114986292,0.323928585520329,0.015185470534037016,0.323928585520329,0.299751267670559,13,7,5,25
Winter,2010,NOR,Norway,NOR,Norway,IMF_SEC_GG,Sector: General government,2006,2009,4,True,True,0.28449513117226327,0.046738900414250696,0.16428717152965985,0.243789305631964,0.364018375939455,0.12022907030749103,0.364018375939455,0.338917865577421,9,8,6,23
Winter,2010,AUT,Austria,AUT,Austria,IMF_SEC_GG,Sector: General government,2006,2009,4,True,True,0.302387191668531,0.005350892791190716,0.017695500797058315,0.296003650152861,0.310050418383051,0.008411541826423008,0.304415191979284,0.292977344112774,4,6,6,16
Winter,2010,FRA,France,FRA,France,IMF_SEC_GG,Sector: General government,2006,2009,4,True,True,0.5526468266804683,0.016809676063973836,0.030416669837666374,0.541964886216485,0.581691387517803,0.03963611173135506,0.581691387517803,0.587483818133614,2,3,6,11
Winter,2010,SWE,Sweden,SWE,Sweden,IMF_SEC_GG,Sector: General government,2006,2009,4,True,True,0.5650722476996335,0.030514229696889508,0.054000581025011644,0.51926980382235,0.605177081305873,0.03825099853607605,0.605177081305873,0.618155944577142,5,2,4,11
Winter,2010,SUI,Switzerland,CHE,Switzerland,IMF_SEC_GG,Sector: General government,2006,2009,4,True,True,0.34081829975745004,0.00235327909439966,0.006904790899063862,0.337375691117271,0.344011502086265,0.0037576967588899834,0.341133387876161,0.336985133492447,6,0,3,9
Winter,2010,NED,Netherlands,NLD,Netherlands,IMF_SEC_GG,Sector: General government,2006,2009,4,True,True,0.5858095398740495,0.04650058743075107,0.0793783376090953,0.547668653197022,0.664487982561992,0.10850094304756508,0.664487982561992,0.623448224072142,3,1,3,7
Winter,2010,CZE,Czech Republic,CZE,Czechia,IMF_SEC_GG,Sector: General government,2006,2009,4,True,True,0.4570219225242815,0.02440491182340389,0.05339987125476954,0.42765885568625,0.489924610411088,0.019986487013664955,0.489924610411088,0.419023087802681,2,0,4,6
Winter,2010,POL,Poland,POL,Poland,IMF_SEC_GG,Sector: General government,2006,2009,4,True,True,0.3900977987767206,0.07530105537842251,0.19303122348947785,0.322694845129851,0.507060916186263,0.184366071056412,0.507060916186263,0.634258300326353,1,3,2,6
Winter,2010,ITA,Italy,ITA,Italy,IMF_SEC_GG,Sector: General government,2006,2009,4,True,True,0.233643278038264,0.00645216611152805,0.027615457913886022,0.223091795551305,0.240597898278311,-0.005576043707788997,0.235021854570522,0.224055962381887,1,1,3,5
Winter,2010,JPN,Japan,JPN,Japan,IMF_SEC_GG,Sector: General government,2006,2009,4,True,True,0.09883209079081463,0.005208005037572075,0.05269548580728904,0.0945146108239905,0.107690169120036,0.0103940192223025,0.107690169120036,0.0995587606368438,0,3,2,5
Winter,2010,FIN,Finland,FIN,Finland,IMF_SEC_GG,Sector: General government,2006,2009,4,True,True,0.427699932376281,0.02210178726262579,0.051675919469590006,0.40833559865122,0.462180943839513,0.05384534518829304,0.462180943839513,0.465603291113674,0,1,3,4
Winter,2010,AUS,Australia,AUS,Australia,IMF_SEC_GG,Sector: General government,2006,2009,4,True,True,0.3596321922600968,0.01181042773983317,0.032840296263832565,0.342191010098966,0.373196578925937,0.006047341181648014,0.373196578925937,0.410312491296069,2,1,0,3
Winter,2010,CRO,Croatia,HRV,Croatia,IMF_SEC_GG,Sector: General government,2006,2009,4,True,True,0.5479254951449697,0.05393432715919448,0.0984336878591944,0.489684066629538,0.635716531895777,0.14603246526623903,0.635716531895777,0.576781127484115,0,2,1,3
Winter,2010,SLO,Slovenia,SVN,Slovenia,IMF_SEC_GG,Sector: General government,2006,2009,4,True,True,0.28305791904708755,0.011022221946324448,0.038939811270536716,0.266022457630757,0.296751631998616,0.013173739468323009,0.296751631998616,0.641125855736905,0,2,1,3
Winter,2010,SVK,Slovakia,SVK,Slovak Republic,IMF_SEC_GG,Sector: General government,2006,2009,4,True,True,0.15163382549716076,0.01615529259997903,0.10654148272663297,0.136632517999908,0.178870870608499,0.04223835260859099,0.178870870608499,0.229642986984658,1,1,1,3
Winter,2010,LAT,Latvia,LVA,Latvia,IMF_SEC_GG,Sector: General government,2006,2009,4,True,True,0.3353651384076618,0.04547088463445044,0.13558619971756614,0.265705157617303,0.387660442622526,-0.062027791275655,0.265705157617303,0.209442951088458,0,2,0,2
Winter,2010,EST,Estonia,EST,Estonia,IMF_SEC_GG,Sector: General government,2006,2009,4,True,True,0.49263871053539526,0.052979599012822697,0.10754250098463629,0.434698844542426,0.575485072757229,-0.07663631662422005,0.498848756133009,0.460596292437267,0,1,0,1
Winter,2010,GBR,United Kingdom,GBR,United Kingdom,IMF_SEC_GG,Sector: General government,2006,2009,4,True,True,0.3346671665922075,0.03930787846992231,0.11745364467682909,0.286473582883051,0.389526873028315,0.10305329014526399,0.389526873028315,0.373938564660288,1,0,0,1
Summer,2012,GBR,United Kingdom,GBR,United Kingdom,IMF_SEC_GG,Sector: General government,2008,2011,4,True,True,0.36645998001752444,0.016240108752102873,0.0443161863167876,0.350717855875471,0.389526873028315,-0.0009387706305529764,0.350717855875471,0.326425339102476,27,16,19,62
Summer,2012,GER,Germany,DEU,Germany,IMF_SEC_GG,Sector: General government,2008,2011,4,True,True,0.29771461561843704,0.011870471031880474,0.03987197943648875,0.279458914553772,0.308746741282692,-0.015442385993014007,0.279458914553772,0.253858404930759,11,19,13,43
Summer,2012,JPN,Japan,JPN,Japan,IMF_SEC_GG,Sector: General government,2008,2011,4,True,True,0.10134457689983109,0.004324670691976722,0.04267293647346541,0.0958274333214986,0.107690169120036,0.006474511199447405,0.102301944520946,0.104061225085149,7,14,15,36
Summer,2012,AUS,Australia,AUS,Australia,IMF_SEC_GG,Sector: General government,2008,2011,4,True,True,0.38232466887316024,0.027064417307687934,0.07078909500518474,0.342191010098966,0.410312491296069,0.061407585072703,0.403598595171669,0.3817350597649,8,15,12,35
Summer,2012,FRA,France,FRA,France,IMF_SEC_GG,Sector: General government,2008,2011,4,True,True,0.5739322881074822,0.018569660555034867,0.032355141782086434,0.541964886216485,0.587483818133614,0.042624174345542,0.584589060562027,0.590337820111413,11,11,13,35
Summer,2012,ITA,Italy,ITA,Italy,IMF_SEC_GG,Sector: General government,2008,2011,4,True,True,0.227099148121892,0.004713008826782842,0.020753088973513925,0.223091795551305,0.235021854570522,0.003135184432548982,0.226226979983854,0.206834592954004,7,9,11,27
Summer,2012,NED,Netherlands,NLD,Netherlands,IMF_SEC_GG,Sector: General government,2008,2011,4,True,True,0.6130993716835612,0.034480047487935615,0.05623892158501802,0.575094484222757,0.664487982561992,0.01427231165459697,0.589366795877354,0.550258359547051,6,6,8,20
Summer,2012,ESP,Spain,ESP,Spain,IMF_SEC_GG,Sector: General government,2008,2011,4,True,True,0.48103345175769396,0.035984962929411814,0.0748076101525225,0.432791577778559,0.533881975447209,0.040998166741602005,0.473789744520161,0.374065079759171,4,10,4,18
Summer,2012,HUN,Hungary,HUN,Hungary,IMF_SEC_GG,Sector: General government,2008,2011,4,True,True,0.35945613019085026,0.0169510539118672,0.047157504040526946,0.334341315546088,0.376995270155418,-0.042653954609330025,0.334341315546088,0.353009975538193,8,4,6,18
Summer,2012,CAN,Canada,CAN,Canada,IMF_SEC_GG,Sector: General government,2008,2011,4,True,True,0.30793397531447747,0.009971977439649742,0.03238349204392228,0.29931293308073,0.323928585520329,-0.009430181905561996,0.29931293308073,0.326291415120723,1,4,12,17
Summer,2012,CZE,Czech Republic,CZE,Czechia,IMF_SEC_GG,Sector: General government,2008,2011,4,True,True,0.42850243346103145,0.04023178826762354,0.09388928772858945,0.377403179944107,0.489924610411088,-0.05025567574214301,0.377403179944107,0.366697050737838,4,3,4,11
Summer,2012,KAZ,Kazakhstan,KAZ,Kazakhstan,IMF_SEC_GG,Sector: General government,2008,2011,2,False,True,0.2873174979729805,0.0790614525883635,0.2751710325550673,0.208256045384617,0.366378950561344,-0.158122905176727,0.208256045384617,0.249555237740926,3,1,6,10
Summer,2012,DEN,Denmark,DNK,Denmark,IMF_SEC_GG,Sector: General government,2008,2011,4,True,True,0.44178792595752253,0.034907930038465804,0.07901512917721107,0.401399597085687,0.484715599807926,-0.08331600272223899,0.401399597085687,0.40328843311297,2,4,3,9
Summer,2012,POL,Poland,POL,Poland,IMF_SEC_GG,Sector: General government,2008,2011,4,True,True,0.5297818360888492,0.08468435807418873,0.1598476057604708,0.40550080944589,0.634258300326353,0.16680650895100096,0.572307318396891,0.479879350573035,3,1,5,9
Summer,2012,ROU,Romania,ROU,Romania,IMF_SEC_GG,Sector: General government,2008,2011,4,True,True,0.34000949054894675,0.004871268668030311,0.014326860877223244,0.336658288352637,0.348384486655728,-0.011567578440124016,0.336816908215604,0.320408866566109,2,5,2,9
Summer,2012,SWE,Sweden,SWE,Sweden,IMF_SEC_GG,Sector: General government,2008,2011,4,True,True,0.5999043820203818,0.018553382728158756,0.030927233212856252,0.568916022900514,0.618155944577142,0.03845245639748396,0.607368479297998,0.6194637042383,1,4,3,8
Summer,2012,GEO,Georgia,GEO,Georgia,IMF_SEC_GG,Sector: General government,2008,2011,4,True,True,0.406852787688298,0.07090579795250314,0.1742787565875699,0.329415364218148,0.5222347278431,0.192819363624952,0.5222347278431,0.506508708598156,1,3,3,7
Summer,2012,CRO,Croatia,HRV,Croatia,IMF_SEC_GG,Sector: General government,2008,2011,4,True,True,0.5727951194640267,0.04051089733241868,0.07072493454609975,0.526089289547113,0.635716531895777,0.02650423938198898,0.552593528929102,0.583209130580732,3,1,2,6
Summer,2012,IRL,Ireland,IRL,Ireland,IMF_SEC_GG,Sector: General government,2008,2011,4,True,True,0.203445137253513,0.06397153773748376,0.3144412228333029,0.144139933885837,0.310350111862796,-0.16621017797695897,0.144139933885837,0.141167909872788,1,1,4,6
Summer,2012,RSA,South Africa,ZAF,South Africa,IMF_SEC_GG,Sector: General government,2008,2011,3,False,True,0.3616103950227423,0.021254750232261314,0.05877803991482205,0.333353222089492,0.38461567820149,-0.017753393424245034,0.366862284777245,0.511319669637462,3,2,1,6
Summer,2012,LTU,Lithuania,LTU,Lithuania,IMF_SEC_GG,Sector: General government,2008,2011,4,True,True,0.20920086545873,0.03266725256246274,0.15615256892379897,0.176957183980823,0.259640069993486,0.07565048028129998,0.259640069993486,0.146105081681642,2,1,2,5
Summer,2012,NOR,Norway,NOR,Norway,IMF_SEC_GG,Sector: General government,2008,2011,4,True,True,0.3226900367511615,0.03582795144170309,0.11102899798958274,0.266463472537329,0.364018375939455,0.054896960413111984,0.321360432950441,0.299019504318184,2,1,1,4
Summer,2012,SLO,Slovenia,SVN,Slovenia,IMF_SEC_GG,Sector: General government,2008,2011,4,True,True,0.3916206848087345,0.14562353699654007,0.371848430497643,0.285879694028684,0.641125855736905,0.056845863442049005,0.342725557470733,0.33518767949774,1,1,2,4
Summer,2012,SUI,Switzerland,CHE,Switzerland,IMF_SEC_GG,Sector: General government,2008,2011,4,True,True,0.3411279864414577,0.002600494057448092,0.007623221080673113,0.336985133492447,0.344011502086265,-0.001629579775307033,0.342381922310958,0.324030607400707,2,2,0,4
Summer,2012,SVK,Slovakia,SVK,Slovak Republic,IMF_SEC_GG,Sector: General government,2008,2011,4,True,True,0.1832748564231785,0.02976707077516948,0.16241764613056264,0.146569860257616,0.229642986984658,0.031445847584325004,0.178015707841941,0.158713197156249,0,1,3,4
Summer,2012,BEL,Belgium,BEL,Belgium,IMF_SEC_GG,Sector: General government,2008,2011,4,True,True,0.4052204379905048,0.01699150562948822,0.04193151192903643,0.376668126069676,0.421042909548507,0.03288800636712702,0.409556132436803,0.462044409917783,0,1,2,3
Summer,2012,FIN,Finland,FIN,Finland,IMF_SEC_GG,Sector: General government,2008,2011,4,True,True,0.45216573775511126,0.01325015863425209,0.02930376525217453,0.431884281780043,0.465603291113674,0.017110152507172016,0.448994434287215,0.483990509209748,0,2,1,3
Summer,2012,BUL,Bulgaria,BGR,Bulgaria,IMF_SEC_GG,Sector: General government,2008,2011,4,True,True,0.12704443387258332,0.022784536918281185,0.17934305521115929,0.0949748682948613,0.159344821229478,-0.030876026960551,0.128468794268927,0.166731951621985,0,1,1,2
Summer,2012,EST,Estonia,EST,Estonia,IMF_SEC_GG,Sector: General government,2008,2011,4,True,True,0.44349364730498625,0.05447357652382251,0.12282831299804745,0.353007371940752,0.498848756133009,-0.108514796768165,0.353007371940752,0.344454666890774,0,1,1,2
Summer,2012,GRE,Greece,GRC,Greece,IMF_SEC_GG,Sector: General government,2008,2011,4,True,True,0.18832713347276547,0.01164909685989051,0.06185564790946664,0.176241723331727,0.202900610933326,-0.025337679384082018,0.177562931549244,0.2107435691361,0,0,2,2
Summer,2012,LAT,Latvia,LVA,Latvia,IMF_SEC_GG,Sector: General government,2008,2011,4,True,True,0.34084734946948025,0.11249413394732971,0.33004256633482354,0.209442951088458,0.500580846549634,0.11292040392710795,0.500580846549634,0.174394304499124,1,0,1,2
Summer,2012,CYP,Cyprus,CYP,Cyprus,IMF_SEC_GG,Sector: General government,2008,2011,4,True,True,0.4259613868878375,0.013922139509149544,0.03268404117769357,0.415447600727159,0.449787154293058,-0.005918445901912983,0.415447600727159,0.365216231604541,0,1,0,1
Summer,2012,HKG,Hong Kong,HKG,"Hong Kong SAR, China",IMF_SEC_GG,Sector: General government,2008,2011,4,True,True,0.0,0.0,,0.0,0.0,0.0,0.0,0.532434259390622,0,0,1,1
Summer,2012,POR,Portugal,PRT,Portugal,IMF_SEC_GG,Sector: General government,2008,2011,4,True,True,0.39380871411985074,0.0073851390614425045,0.01875311235290474,0.384095738579254,0.404292871134056,-0.011935479246486025,0.384095738579254,0.340658341632223,0,1,0,1
Winter,2014,NOR,Norway,NOR,Norway,IMF_SEC_GG,Sector: General government,2010,2013,4,True,True,0.315059012660297,0.016321876335364305,0.051805775043683264,0.299019504318184,0.338917865577421,-0.037979617782278985,0.300938247795142,0.330636853895768,10,5,10,25
Winter,2014,CAN,Canada,CAN,Canada,IMF_SEC_GG,Sector: General government,2010,2013,4,True,True,0.31109983932497826,0.011849164455615275,0.038087979991649916,0.29931293308073,0.326291415120723,0.019292473757342,0.319043741427901,0.307785159943015,7,9,5,21
Winter,2014,GER,Germany,DEU,Germany,IMF_SEC_GG,Sector: General government,2010,2013,4,True,True,0.272569599076184,0.023976738385180447,0.08796556353476119,0.248214335537513,0.308746741282692,-0.06053240574517904,0.248214335537513,0.246384628011135,7,6,5,18
Winter,2014,NED,Netherlands,NLD,Netherlands,IMF_SEC_GG,Sector: General government,2010,2013,4,True,True,0.5766200125678608,0.03222353449140369,0.055883482690624424,0.543406670774896,0.623448224072142,-0.08004155329724594,0.543406670774896,0.509559830841622,7,5,6,18
Winter,2014,AUT,Austria,AUT,Austria,IMF_SEC_GG,Sector: General government,2010,2013,4,True,True,0.27779883298031005,0.009144920012122724,0.032919216808844194,0.268536987559354,0.292977344112774,-0.018787151892831977,0.274190192219942,0.281537139411207,4,7,5,16
Winter,2014,FRA,France,FRA,France,IMF_SEC_GG,Sector: General government,2010,2013,4,True,True,0.5911205781492574,0.006641246817311135,0.01123501204797209,0.584589060562027,0.602071613789976,0.014587795656361924,0.602071613789976,0.57764453323968,4,4,7,15
Winter,2014,SWE,Sweden,SWE,Sweden,IMF_SEC_GG,Sector: General government,2010,2013,4,True,True,0.6205705421311355,0.010735749033473671,0.0172998044615612,0.607368479297998,0.637294040411102,0.01913809583396009,0.637294040411102,0.670487523850923,2,7,5,14
Winter,2014,SUI,Switzerland,CHE,Switzerland,IMF_SEC_GG,Sector: General government,2010,2013,4,True,True,0.33216869868840704,0.007765793720261033,0.02337906536926824,0.324030607400707,0.342381922310958,-0.011708001942931034,0.325277131549516,0.325515847860382,6,3,2,11
Winter,2014,CZE,Czech Republic,CZE,Czechia,IMF_SEC_GG,Sector: General government,2010,2013,4,True,True,0.383020931650151,0.02116531237636432,0.055258892210352066,0.366697050737838,0.419023087802681,-0.05006267968670297,0.368960408115978,0.398013609438667,2,4,2,8
Winter,2014,ITA,Italy,ITA,Italy,IMF_SEC_GG,Sector: General government,2010,2013,4,True,True,0.22888491951756723,0.01863496664510307,0.08141631473310242,0.206834592954004,0.258422142750524,0.034366180368637006,0.258422142750524,0.263223689398492,0,2,6,8
Winter,2014,JPN,Japan,JPN,Japan,IMF_SEC_GG,Sector: General government,2010,2013,4,True,True,0.10502870916003496,0.00552888141218879,0.05264162014753786,0.0995587606368438,0.114192906397201,0.014634145760357209,0.114192906397201,0.1204870134814,1,4,3,8
Winter,2014,SLO,Slovenia,SVN,Slovenia,IMF_SEC_GG,Sector: General government,2010,2013,4,True,True,0.4128574971763112,0.13184499134393204,0.319347455830813,0.332390895999867,0.641125855736905,-0.30873495973703796,0.332390895999867,0.310826945418544,2,2,4,8
Winter,2014,POL,Poland,POL,Poland,IMF_SEC_GG,Sector: General government,2010,2013,4,True,True,0.5242382785163641,0.08561147061658946,0.16330640879349123,0.410508144769177,0.634258300326353,-0.22375015555717598,0.410508144769177,0.435710210147609,4,1,1,6
Winter,2014,FIN,Finland,FIN,Finland,IMF_SEC_GG,Sector: General government,2010,2013,4,True,True,0.46833285208554176,0.012919746091410004,0.027586674805913872,0.448994434287215,0.483990509209748,0.009139882617856032,0.47474317373153,0.452399019802124,1,3,1,5
Winter,2014,GBR,United Kingdom,GBR,United Kingdom,IMF_SEC_GG,Sector: General government,2010,2013,4,True,True,0.32317369337699176,0.049996176568219364,0.15470373236690813,0.241613013869732,0.373938564660288,-0.13232555079055602,0.241613013869732,0.211756797532797,1,1,2,4
Winter,2014,LAT,Latvia,LVA,Latvia,IMF_SEC_GG,Sector: General government,2010,2013,4,True,True,0.26439871765682876,0.13713530971735102,0.5186685886099612,0.173176768490099,0.500580846549634,-0.03626618259835901,0.173176768490099,0.263754013895052,0,2,2,4
Winter,2014,AUS,Australia,AUS,Australia,IMF_SEC_GG,Sector: General government,2010,2013,4,True,True,0.3903655437036215,0.017678788951329204,0.045287780226708554,0.365816028581848,0.410312491296069,-0.04449646271422103,0.365816028581848,0.38119448789424,0,2,1,3
Winter,2014,CRO,Croatia,HRV,Croatia,IMF_SEC_GG,Sector: General government,2010,2013,4,True,True,0.5723546431758648,0.011704560794290783,0.020449839856884634,0.552593528929102,0.583209130580732,5.365822539493692e-05,0.57683478570951,0.585120589548906,0,1,0,1
Winter,2014,KAZ,Kazakhstan,KAZ,Kazakhstan,IMF_SEC_GG,Sector: General government,2010,2013,4,True,True,0.26795030769461875,0.05916854917041749,0.22081911261640166,0.208256045384617,0.366378950561344,-0.11876795346975602,0.247610997091588,0.269276016783014,0,0,1,1
Winter,2014,SVK,Slovakia,SVK,Slovak Republic,IMF_SEC_GG,Sector: General government,2010,2013,4,True,True,0.17219425258246399,0.03871350917016196,0.22482463026239524,0.122405118347008,0.229642986984658,-0.10723786863764999,0.122405118347008,0.13598525825556,1,0,0,1
